,Date,Bexley,Hounslow
1,2000-01-01,23.3,26.6
2,2000-01-02,8,11.9
3,2000-01-03,5,7.1
4,2000-01-04,9.6,15
5,2000-01-05,17.3,22.9
6,2000-01-06,19,22
7,2000-01-07,21.3,22.6
8,2000-01-08,18.7,20.5
9,2000-01-09,23.9,28.5
10,2000-01-10,21.8,35.3
11,2000-01-11,16.8,18.5
12,2000-01-12,20.7,23.4
13,2000-01-13,16.7,20.4
14,2000-01-14,17.2,19.6
15,2000-01-15,15.8,18.7
16,2000-01-16,15.6,18.3
17,2000-01-17,27.2,24.4
18,2000-01-18,14.6,17.5
19,2000-01-19,16.7,21.1
20,2000-01-20,30.4,32.2
21,2000-01-21,21.9,21.7
22,2000-01-22,9.1,13.3
23,2000-01-23,12.5,13.3
24,2000-01-24,27.9,28.7
25,2000-01-25,45.8,50
26,2000-01-26,34.1,38.9
27,2000-01-27,21.7,36.9
28,2000-01-28,16.8,21.5
29,2000-01-29,10.1,12.2
30,2000-01-30,12.8,13.9
31,2000-01-31,17.7,18.7
32,2000-02-01,20.9,23.4
33,2000-02-02,16.5,20
34,2000-02-03,16.2,22.6
35,2000-02-04,20,27.5
36,2000-02-05,26.5,31.6
37,2000-02-06,22,21.6
38,2000-02-07,21.5,25.1
39,2000-02-08,19.7,22.7
40,2000-02-09,NA,29
41,2000-02-10,NA,20.1
42,2000-02-11,NA,24.2
43,2000-02-12,12.1,13.9
44,2000-02-13,22.6,24.7
45,2000-02-14,19.3,27.4
46,2000-02-15,12,16.2
47,2000-02-16,11.8,14.8
48,2000-02-17,13.8,17.2
49,2000-02-18,16.9,22.5
50,2000-02-19,13.6,16.9
51,2000-02-20,21,23.9
52,2000-02-21,23.5,27.8
53,2000-02-22,31.5,42.3
54,2000-02-23,17.6,23.2
55,2000-02-24,11.4,21.5
56,2000-02-25,16.8,21
57,2000-02-26,16.3,25.2
58,2000-02-27,19.5,19.8
59,2000-02-28,9.5,12.3
60,2000-02-29,7.5,10.2
61,2000-03-01,12,14.7
62,2000-03-02,24.5,27.3
63,2000-03-03,28.4,29
64,2000-03-04,14.3,18.2
65,2000-03-05,14,17.5
66,2000-03-06,19.7,NA
67,2000-03-07,34.9,39.5
68,2000-03-08,14.2,18.8
69,2000-03-09,14.1,NA
70,2000-03-10,28.6,NA
71,2000-03-11,25.6,26.4
72,2000-03-12,37.8,39.4
73,2000-03-13,37.6,41.1
74,2000-03-14,24.8,24.1
75,2000-03-15,19,NA
76,2000-03-16,22.6,25.2
77,2000-03-17,28,26.7
78,2000-03-18,25.8,24.6
79,2000-03-19,26,27
80,2000-03-20,41.3,42.5
81,2000-03-21,33,46.9
82,2000-03-22,60.7,51.6
83,2000-03-23,56.2,NA
84,2000-03-24,20.6,NA
85,2000-03-25,7.7,NA
86,2000-03-26,12.2,14.7
87,2000-03-27,14.8,13.7
88,2000-03-28,15.9,NA
89,2000-03-29,23.5,NA
90,2000-03-30,32,33.1
91,2000-03-31,26.3,34.2
92,2000-04-01,16.4,24.9
93,2000-04-02,15,21.2
94,2000-04-03,14.4,15.5
95,2000-04-04,8.4,NA
96,2000-04-05,18,NA
97,2000-04-06,20.7,NA
98,2000-04-07,26.8,NA
99,2000-04-08,31.7,NA
100,2000-04-09,17,NA
101,2000-04-10,18.4,NA
102,2000-04-11,11,21.3
103,2000-04-12,7.4,13.9
104,2000-04-13,13.6,16.8
105,2000-04-14,15.8,21.2
106,2000-04-15,9.3,10.7
107,2000-04-16,14.4,21.4
108,2000-04-17,10.5,14.5
109,2000-04-18,14.8,21.7
110,2000-04-19,12.3,18
111,2000-04-20,10.8,18.3
112,2000-04-21,19,22.3
113,2000-04-22,12.6,17.5
114,2000-04-23,15.2,19.5
115,2000-04-24,12.3,17.5
116,2000-04-25,12.1,22.5
117,2000-04-26,9.3,20.3
118,2000-04-27,16.8,37
119,2000-04-28,22.5,27.2
120,2000-04-29,10.8,17.1
121,2000-04-30,14.7,20.1
122,2000-05-01,15.1,16.4
123,2000-05-02,10.5,22.1
124,2000-05-03,8,10.9
125,2000-05-04,16.9,23
126,2000-05-05,29.5,29.6
127,2000-05-06,44.7,44.4
128,2000-05-07,37.5,36.6
129,2000-05-08,39.3,41.5
130,2000-05-09,44.5,46.8
131,2000-05-10,30.5,NA
132,2000-05-11,24,NA
133,2000-05-12,32,NA
134,2000-05-13,44.6,NA
135,2000-05-14,36.1,NA
136,2000-05-15,29.8,NA
137,2000-05-16,21.3,NA
138,2000-05-17,11.2,NA
139,2000-05-18,8.4,NA
140,2000-05-19,9.6,NA
141,2000-05-20,12.9,NA
142,2000-05-21,9.1,NA
143,2000-05-22,13.5,NA
144,2000-05-23,7.8,NA
145,2000-05-24,11.8,NA
146,2000-05-25,12.4,NA
147,2000-05-26,14.8,NA
148,2000-05-27,7.8,NA
149,2000-05-28,6.3,NA
150,2000-05-29,8.7,NA
151,2000-05-30,16.6,NA
152,2000-05-31,18.8,NA
153,2000-06-01,12,NA
154,2000-06-02,14.3,NA
155,2000-06-03,19,NA
156,2000-06-04,10.2,NA
157,2000-06-05,22.7,NA
158,2000-06-06,18.3,NA
159,2000-06-07,NA,NA
160,2000-06-08,NA,NA
161,2000-06-09,25.5,NA
162,2000-06-10,12.5,NA
163,2000-06-11,14.8,NA
164,2000-06-12,15.2,NA
165,2000-06-13,11.6,NA
166,2000-06-14,11.6,NA
167,2000-06-15,16.4,NA
168,2000-06-16,30,NA
169,2000-06-17,23.8,NA
170,2000-06-18,24.1,NA
171,2000-06-19,33.1,NA
172,2000-06-20,34.5,NA
173,2000-06-21,12.7,NA
174,2000-06-22,14.8,NA
175,2000-06-23,11.2,NA
176,2000-06-24,9.9,NA
177,2000-06-25,12.6,NA
178,2000-06-26,20.6,NA
179,2000-06-27,26.8,NA
180,2000-06-28,36.6,NA
181,2000-06-29,29.8,NA
182,2000-06-30,21,NA
183,2000-07-01,20.8,NA
184,2000-07-02,12.7,NA
185,2000-07-03,19.7,NA
186,2000-07-04,26.1,NA
187,2000-07-05,10.5,NA
188,2000-07-06,17.3,NA
189,2000-07-07,13.1,NA
190,2000-07-08,10.9,NA
191,2000-07-09,5.3,NA
192,2000-07-10,8.9,NA
193,2000-07-11,17.5,NA
194,2000-07-12,15.6,NA
195,2000-07-13,9.8,NA
196,2000-07-14,12,NA
197,2000-07-15,10.5,17.1
198,2000-07-16,14.1,19.8
199,2000-07-17,NA,34.2
200,2000-07-18,NA,36.6
201,2000-07-19,NA,29.1
202,2000-07-20,28,29.3
203,2000-07-21,30.8,36.7
204,2000-07-22,14.6,17
205,2000-07-23,11.7,12.7
206,2000-07-24,11.7,11.4
207,2000-07-25,22.5,28.5
208,2000-07-26,35.2,35.8
209,2000-07-27,26.4,29.1
210,2000-07-28,15.9,21.2
211,2000-07-29,15.1,17.5
212,2000-07-30,15,16.8
213,2000-07-31,12.5,17.9
214,2000-08-01,12.1,18.7
215,2000-08-02,16.8,21.3
216,2000-08-03,14.5,18.9
217,2000-08-04,24.8,27.2
218,2000-08-05,23.4,23.1
219,2000-08-06,14.8,14.1
220,2000-08-07,14.9,15.9
221,2000-08-08,17.5,22.4
222,2000-08-09,15.1,19.1
223,2000-08-10,13.8,19.7
224,2000-08-11,40.1,28.8
225,2000-08-12,18.3,24.7
226,2000-08-13,20.7,18.5
227,2000-08-14,13.5,18.6
228,2000-08-15,11.2,17.2
229,2000-08-16,18.7,16.4
230,2000-08-17,25.7,21.3
231,2000-08-18,17.3,26.8
232,2000-08-19,10,14.8
233,2000-08-20,18.5,17.8
234,2000-08-21,12.5,16.9
235,2000-08-22,18.4,23
236,2000-08-23,22,27.1
237,2000-08-24,29.1,38.6
238,2000-08-25,29.8,37.7
239,2000-08-26,26.1,31.5
240,2000-08-27,15.1,17.6
241,2000-08-28,9,12.7
242,2000-08-29,18.4,20.8
243,2000-08-30,13,19.8
244,2000-08-31,19.5,28
245,2000-09-01,9,16
246,2000-09-02,13.8,19.2
247,2000-09-03,13.2,20.3
248,2000-09-04,20.8,29.5
249,2000-09-05,15.6,22.8
250,2000-09-06,11.7,18.2
251,2000-09-07,19.3,30.2
252,2000-09-08,11.2,21.8
253,2000-09-09,11.7,20.3
254,2000-09-10,16.5,22.6
255,2000-09-11,28.9,34.6
256,2000-09-12,16.4,19.4
257,2000-09-13,17.6,19.7
258,2000-09-14,13,18.9
259,2000-09-15,16.5,24.1
260,2000-09-16,10.3,16.5
261,2000-09-17,12.3,17.4
262,2000-09-18,8.1,16.4
263,2000-09-19,11.2,17.2
264,2000-09-20,10.7,21.4
265,2000-09-21,16.3,27.1
266,2000-09-22,14.8,20.7
267,2000-09-23,19.5,25
268,2000-09-24,14.9,20.7
269,2000-09-25,10.2,18.7
270,2000-09-26,14.9,25.2
271,2000-09-27,10.7,17.8
272,2000-09-28,10.8,22.4
273,2000-09-29,15.5,26.5
274,2000-09-30,17.1,26.2
275,2000-10-01,11.7,17.5
276,2000-10-02,11.7,16.7
277,2000-10-03,20.8,28.3
278,2000-10-04,18.9,22.8
279,2000-10-05,11.5,16.6
280,2000-10-06,13,18
281,2000-10-07,11.2,21.2
282,2000-10-08,12.5,17.8
283,2000-10-09,7.1,16.3
284,2000-10-10,7.2,13.7
285,2000-10-11,6.8,15.3
286,2000-10-12,11.5,28.3
287,2000-10-13,21.3,29.7
288,2000-10-14,13.2,23.8
289,2000-10-15,20,24.8
290,2000-10-16,16.7,19.9
291,2000-10-17,14,21.7
292,2000-10-18,18.8,22.4
293,2000-10-19,19.1,23.4
294,2000-10-20,25.6,29.3
295,2000-10-21,16.1,18.9
296,2000-10-22,18,23.1
297,2000-10-23,10.6,15.4
298,2000-10-24,13.3,19
299,2000-10-25,13.6,15.7
300,2000-10-26,13.5,18.1
301,2000-10-27,12.1,NA
302,2000-10-28,8,14.8
303,2000-10-29,9.6,12
304,2000-10-30,7.4,12.8
305,2000-10-31,13.2,17.4
306,2000-11-01,11.4,15
307,2000-11-02,10.7,16.5
308,2000-11-03,26.5,25
309,2000-11-04,69,54.7
310,2000-11-05,17.7,23.7
311,2000-11-06,8.9,18.3
312,2000-11-07,12.5,18.4
313,2000-11-08,9,15.3
314,2000-11-09,13.1,18.3
315,2000-11-10,12.8,21.6
316,2000-11-11,8.3,10.9
317,2000-11-12,13.6,19.7
318,2000-11-13,24.4,30.2
319,2000-11-14,30.9,46.2
320,2000-11-15,27.8,40.2
321,2000-11-16,10.7,18.5
322,2000-11-17,14.4,22
323,2000-11-18,11,17.6
324,2000-11-19,7.5,11.5
325,2000-11-20,16.3,27.4
326,2000-11-21,13.1,23
327,2000-11-22,16.5,22.9
328,2000-11-23,19.4,30.5
329,2000-11-24,12.6,24.1
330,2000-11-25,15.3,20.8
331,2000-11-26,13.7,15.9
332,2000-11-27,21.8,29.3
333,2000-11-28,17.4,25.7
334,2000-11-29,20.3,25.1
335,2000-11-30,18.6,29
336,2000-12-01,12.4,18.3
337,2000-12-02,21.3,29.2
338,2000-12-03,14.9,19.9
339,2000-12-04,19.6,22.5
340,2000-12-05,16.8,24.6
341,2000-12-06,15.3,24.7
342,2000-12-07,17.3,22.8
343,2000-12-08,10.6,18.3
344,2000-12-09,11.7,19.2
345,2000-12-10,16.8,21.9
346,2000-12-11,19.2,22
347,2000-12-12,NA,12.2
348,2000-12-13,NA,21
349,2000-12-14,16.2,21.9
350,2000-12-15,16.8,23.5
351,2000-12-16,23,32.9
352,2000-12-17,22,25.6
353,2000-12-18,22.8,28.6
354,2000-12-19,24.5,30.2
355,2000-12-20,18.5,28.9
356,2000-12-21,29.8,37.4
357,2000-12-22,25.4,39
358,2000-12-23,30.8,39.6
359,2000-12-24,20.5,21.1
360,2000-12-25,6.8,9.9
361,2000-12-26,8.1,11.5
362,2000-12-27,12.5,17
363,2000-12-28,14,19.5
364,2000-12-29,20.9,25.7
365,2000-12-30,15.6,19.4
366,2000-12-31,NA,18
367,2001-01-01,NA,16
368,2001-01-02,NA,13.3
369,2001-01-03,NA,23.2
370,2001-01-04,11,17.6
371,2001-01-05,13.7,18.1
372,2001-01-06,15.3,21.6
373,2001-01-07,14,21.5
374,2001-01-08,17,21.2
375,2001-01-09,28,38.4
376,2001-01-10,17.4,21.4
377,2001-01-11,16.6,25.1
378,2001-01-12,16.3,23.3
379,2001-01-13,18.1,25.6
380,2001-01-14,13.9,18.4
381,2001-01-15,NA,33.4
382,2001-01-16,NA,49.3
383,2001-01-17,NA,64.6
384,2001-01-18,58.4,62.5
385,2001-01-19,46.1,68.6
386,2001-01-20,42.3,50
387,2001-01-21,19.6,25.8
388,2001-01-22,11.5,21.8
389,2001-01-23,11.8,19.9
390,2001-01-24,17.8,23.4
391,2001-01-25,9,15.6
392,2001-01-26,8.7,19.1
393,2001-01-27,16.1,25
394,2001-01-28,26.6,33.8
395,2001-01-29,26.9,31.3
396,2001-01-30,12.6,25.6
397,2001-01-31,19,26.6
398,2001-02-01,22.5,35
399,2001-02-02,14,23.7
400,2001-02-03,9.4,15.2
401,2001-02-04,6.6,11.7
402,2001-02-05,13.1,19.3
403,2001-02-06,16,20.3
404,2001-02-07,21.2,30.5
405,2001-02-08,8.6,15.7
406,2001-02-09,27.9,33.8
407,2001-02-10,15.6,21.5
408,2001-02-11,12.1,14.4
409,2001-02-12,16,19.9
410,2001-02-13,27,36
411,2001-02-14,28,37.8
412,2001-02-15,43.9,55.6
413,2001-02-16,24.3,30.8
414,2001-02-17,17.3,27.4
415,2001-02-18,21.4,26.3
416,2001-02-19,30.5,29.8
417,2001-02-20,30.7,39
418,2001-02-21,17.3,20.4
419,2001-02-22,11.2,12.8
420,2001-02-23,12.5,18.4
421,2001-02-24,18.2,22.4
422,2001-02-25,13.1,14.9
423,2001-02-26,13.3,26.4
424,2001-02-27,14.9,28.7
425,2001-02-28,15.3,19.7
426,2001-03-01,12.5,18.3
427,2001-03-02,13.2,23
428,2001-03-03,15.9,26.1
429,2001-03-04,29.9,32.9
430,2001-03-05,41.1,48.9
431,2001-03-06,35.5,38.2
432,2001-03-07,19.3,32.8
433,2001-03-08,14.6,29.4
434,2001-03-09,13.1,21.1
435,2001-03-10,12.3,15.7
436,2001-03-11,9.6,14.3
437,2001-03-12,5.5,13.6
438,2001-03-13,13.7,16.5
439,2001-03-14,15.8,22.6
440,2001-03-15,19.1,26.1
441,2001-03-16,19.5,27.3
442,2001-03-17,9.2,12.3
443,2001-03-18,7,9.7
444,2001-03-19,16,23.4
445,2001-03-20,18.7,25.4
446,2001-03-21,22.1,33.3
447,2001-03-22,23.9,31.9
448,2001-03-23,13.6,22.5
449,2001-03-24,9.9,16.7
450,2001-03-25,21.4,24
451,2001-03-26,24.6,33.1
452,2001-03-27,23.8,30.9
453,2001-03-28,9.1,17.8
454,2001-03-29,14.5,18.7
455,2001-03-30,15.2,20.2
456,2001-03-31,17.8,22.5
457,2001-04-01,13.1,19.2
458,2001-04-02,18.1,27.3
459,2001-04-03,NA,16.7
460,2001-04-04,7.8,13
461,2001-04-05,13.8,20.4
462,2001-04-06,15.7,26.8
463,2001-04-07,10.9,16.5
464,2001-04-08,9.9,13.5
465,2001-04-09,11.7,18.2
466,2001-04-10,12.9,19.1
467,2001-04-11,19.8,24.8
468,2001-04-12,21.7,26.4
469,2001-04-13,15.3,18.8
470,2001-04-14,17,20.6
471,2001-04-15,7,8
472,2001-04-16,13,14.3
473,2001-04-17,20.9,25
474,2001-04-18,11.6,12.6
475,2001-04-19,10.8,14.8
476,2001-04-20,16.5,19.8
477,2001-04-21,15.4,21.4
478,2001-04-22,16.3,22.8
479,2001-04-23,19.5,26.8
480,2001-04-24,18,26.7
481,2001-04-25,12.6,20.9
482,2001-04-26,12.6,19.2
483,2001-04-27,15.7,20.7
484,2001-04-28,10.2,15.4
485,2001-04-29,8.2,13.1
486,2001-04-30,13.8,19.5
487,2001-05-01,14.1,NA
488,2001-05-02,15,NA
489,2001-05-03,15.3,20.5
490,2001-05-04,19.2,19.2
491,2001-05-05,11.4,15
492,2001-05-06,11.8,NA
493,2001-05-07,14.3,16.9
494,2001-05-08,14.1,19
495,2001-05-09,25.1,26.8
496,2001-05-10,40.2,44.9
497,2001-05-11,44.9,47
498,2001-05-12,27.8,26.5
499,2001-05-13,36.4,26
500,2001-05-14,23.4,42.6
501,2001-05-15,22.8,29.3
502,2001-05-16,10,20.4
503,2001-05-17,9.5,13.3
504,2001-05-18,16.9,21.9
505,2001-05-19,18.7,22.7
506,2001-05-20,23.3,25
507,2001-05-21,10,19
508,2001-05-22,12.8,21.4
509,2001-05-23,21,30.9
510,2001-05-24,22.6,30.8
511,2001-05-25,25.8,40.3
512,2001-05-26,27.6,28.8
513,2001-05-27,10.5,15.5
514,2001-05-28,13.4,17
515,2001-05-29,16.3,24.3
516,2001-05-30,18.6,24.6
517,2001-05-31,10.3,17.9
518,2001-06-01,11.3,17.5
519,2001-06-02,8.4,19
520,2001-06-03,10.5,17.5
521,2001-06-04,15.7,22.7
522,2001-06-05,19.2,29.2
523,2001-06-06,14.4,21.9
524,2001-06-07,8.3,14.5
525,2001-06-08,14.2,20.3
526,2001-06-09,20.6,23.9
527,2001-06-10,12.3,15.6
528,2001-06-11,15.6,19.7
529,2001-06-12,15.3,23.2
530,2001-06-13,21.1,28.4
531,2001-06-14,22.3,29.9
532,2001-06-15,15.1,22.1
533,2001-06-16,12.4,19.7
534,2001-06-17,13.4,21.6
535,2001-06-18,15.7,24.2
536,2001-06-19,20.7,29.7
537,2001-06-20,18.9,22.8
538,2001-06-21,21.6,25.7
539,2001-06-22,19.5,27.3
540,2001-06-23,20,28
541,2001-06-24,34.2,37.9
542,2001-06-25,37.1,44.4
543,2001-06-26,47.5,49.8
544,2001-06-27,26,28.7
545,2001-06-28,13.9,21.1
546,2001-06-29,14.5,21.7
547,2001-06-30,13.5,21.2
548,2001-07-01,21.5,22.1
549,2001-07-02,28,33.7
550,2001-07-03,36,44.6
551,2001-07-04,39.7,46.6
552,2001-07-05,39.6,43.4
553,2001-07-06,21.5,32.8
554,2001-07-07,31.1,38.9
555,2001-07-08,13.3,NA
556,2001-07-09,11.2,NA
557,2001-07-10,10.4,NA
558,2001-07-11,NA,NA
559,2001-07-12,NA,NA
560,2001-07-13,NA,18.5
561,2001-07-14,13,20.4
562,2001-07-15,11.9,13.9
563,2001-07-16,15.3,23.1
564,2001-07-17,18.7,22.8
565,2001-07-18,13.8,24.2
566,2001-07-19,15.6,23.5
567,2001-07-20,14.7,20.1
568,2001-07-21,7.4,12.7
569,2001-07-22,15.5,19.8
570,2001-07-23,17.7,19.8
571,2001-07-24,15.8,20.1
572,2001-07-25,28.1,36.3
573,2001-07-26,33.4,32.7
574,2001-07-27,36.6,45
575,2001-07-28,39.7,39
576,2001-07-29,29.3,33.6
577,2001-07-30,20.8,21.6
578,2001-07-31,14.3,21
579,2001-08-01,NA,26.7
580,2001-08-02,NA,31.8
581,2001-08-03,15.2,21.3
582,2001-08-04,9.3,13.9
583,2001-08-05,9.4,12.8
584,2001-08-06,8.5,14
585,2001-08-07,NA,21
586,2001-08-08,NA,16.4
587,2001-08-09,NA,21.2
588,2001-08-10,NA,17.4
589,2001-08-11,NA,16.7
590,2001-08-12,NA,NA
591,2001-08-13,NA,NA
592,2001-08-14,NA,28.1
593,2001-08-15,NA,33
594,2001-08-16,NA,15.5
595,2001-08-17,NA,21.2
596,2001-08-18,NA,27.6
597,2001-08-19,NA,13.8
598,2001-08-20,NA,NA
599,2001-08-21,NA,NA
600,2001-08-22,NA,NA
601,2001-08-23,NA,56.2
602,2001-08-24,NA,34.5
603,2001-08-25,NA,42.6
604,2001-08-26,NA,36.9
605,2001-08-27,NA,15
606,2001-08-28,NA,26.3
607,2001-08-29,NA,36.2
608,2001-08-30,NA,31.2
609,2001-08-31,NA,19.7
610,2001-09-01,NA,16.6
611,2001-09-02,NA,11.2
612,2001-09-03,NA,14.1
613,2001-09-04,NA,18.6
614,2001-09-05,NA,22.4
615,2001-09-06,NA,20.8
616,2001-09-07,NA,19.6
617,2001-09-08,NA,14.2
618,2001-09-09,NA,13.1
619,2001-09-10,NA,21.4
620,2001-09-11,NA,18.2
621,2001-09-12,NA,15.8
622,2001-09-13,NA,15.5
623,2001-09-14,NA,20.3
624,2001-09-15,NA,15.8
625,2001-09-16,NA,16.8
626,2001-09-17,NA,16.8
627,2001-09-18,NA,18.9
628,2001-09-19,NA,16.9
629,2001-09-20,NA,24.9
630,2001-09-21,NA,29.8
631,2001-09-22,NA,28.6
632,2001-09-23,NA,19.9
633,2001-09-24,NA,28.2
634,2001-09-25,NA,36.5
635,2001-09-26,NA,29
636,2001-09-27,NA,23.5
637,2001-09-28,NA,33.5
638,2001-09-29,NA,28.6
639,2001-09-30,NA,16.7
640,2001-10-01,NA,31
641,2001-10-02,NA,NA
642,2001-10-03,NA,21.6
643,2001-10-04,NA,NA
644,2001-10-05,NA,NA
645,2001-10-06,NA,NA
646,2001-10-07,NA,NA
647,2001-10-08,NA,20.5
648,2001-10-09,NA,NA
649,2001-10-10,NA,NA
650,2001-10-11,NA,19.8
651,2001-10-12,NA,35.5
652,2001-10-13,NA,69
653,2001-10-14,NA,37.4
654,2001-10-15,NA,25.1
655,2001-10-16,NA,31.7
656,2001-10-17,NA,37.1
657,2001-10-18,NA,33.1
658,2001-10-19,NA,35.1
659,2001-10-20,NA,29.8
660,2001-10-21,NA,12.7
661,2001-10-22,NA,NA
662,2001-10-23,NA,NA
663,2001-10-24,NA,25.9
664,2001-10-25,NA,32.2
665,2001-10-26,NA,23
666,2001-10-27,NA,25.1
667,2001-10-28,NA,23.9
668,2001-10-29,NA,25.4
669,2001-10-30,NA,32.4
670,2001-10-31,NA,18.3
671,2001-11-01,NA,31.5
672,2001-11-02,NA,46
673,2001-11-03,NA,96.9
674,2001-11-04,NA,60.2
675,2001-11-05,NA,30.2
676,2001-11-06,NA,20.4
677,2001-11-07,NA,12
678,2001-11-08,NA,10.8
679,2001-11-09,NA,18
680,2001-11-10,NA,29.5
681,2001-11-11,NA,22.2
682,2001-11-12,NA,19.5
683,2001-11-13,NA,15.8
684,2001-11-14,NA,23.2
685,2001-11-15,NA,45.9
686,2001-11-16,NA,32.1
687,2001-11-17,NA,20.4
688,2001-11-18,NA,11.8
689,2001-11-19,NA,33.1
690,2001-11-20,NA,34.1
691,2001-11-21,NA,19.1
692,2001-11-22,NA,16.7
693,2001-11-23,NA,31.1
694,2001-11-24,NA,22.8
695,2001-11-25,NA,9.9
696,2001-11-26,NA,NA
697,2001-11-27,NA,NA
698,2001-11-28,NA,NA
699,2001-11-29,NA,NA
700,2001-11-30,NA,NA
701,2001-12-01,NA,13.1
702,2001-12-02,NA,31.7
703,2001-12-03,NA,34.2
704,2001-12-04,NA,21.1
705,2001-12-05,NA,15.1
706,2001-12-06,NA,31.6
707,2001-12-07,NA,33.5
708,2001-12-08,NA,44.7
709,2001-12-09,NA,25.9
710,2001-12-10,NA,35.5
711,2001-12-11,NA,24.6
712,2001-12-12,NA,25
713,2001-12-13,NA,23.8
714,2001-12-14,NA,NA
715,2001-12-15,NA,NA
716,2001-12-16,NA,23.7
717,2001-12-17,NA,20
718,2001-12-18,NA,28.5
719,2001-12-19,NA,24.7
720,2001-12-20,NA,26.6
721,2001-12-21,NA,13.7
722,2001-12-22,NA,14.3
723,2001-12-23,NA,19.3
724,2001-12-24,NA,12.3
725,2001-12-25,5.3,8.4
726,2001-12-26,9.5,12.6
727,2001-12-27,8.4,11.3
728,2001-12-28,12.3,19.2
729,2001-12-29,11,16.4
730,2001-12-30,10.5,12.6
731,2001-12-31,20.8,28.9
732,2002-01-01,34.4,49
733,2002-01-02,20.2,25
734,2002-01-03,19.1,25.4
735,2002-01-04,25.2,34.6
736,2002-01-05,33.6,32.6
737,2002-01-06,26.2,20.4
738,2002-01-07,26.7,22.4
739,2002-01-08,25.8,40.2
740,2002-01-09,38,46.5
741,2002-01-10,25.7,34.3
742,2002-01-11,18.8,29.3
743,2002-01-12,16.7,21.9
744,2002-01-13,25.3,29.6
745,2002-01-14,16.4,21
746,2002-01-15,15.3,19.7
747,2002-01-16,18.5,28.9
748,2002-01-17,10.8,15.9
749,2002-01-18,16.5,24.6
750,2002-01-19,17.5,21.6
751,2002-01-20,14.4,17.4
752,2002-01-21,17.5,25.5
753,2002-01-22,16.5,19.9
754,2002-01-23,17.8,23
755,2002-01-24,11.7,16
756,2002-01-25,14,20.4
757,2002-01-26,10.8,14.5
758,2002-01-27,12.7,15.7
759,2002-01-28,NA,23.3
760,2002-01-29,NA,28.6
761,2002-01-30,NA,22.3
762,2002-01-31,13.3,19.6
763,2002-02-01,18.2,24.9
764,2002-02-02,19.5,23.6
765,2002-02-03,15.7,22.5
766,2002-02-04,8,13.2
767,2002-02-05,13,18.8
768,2002-02-06,14,NA
769,2002-02-07,15.3,NA
770,2002-02-08,17.4,NA
771,2002-02-09,11.8,NA
772,2002-02-10,18.9,NA
773,2002-02-11,11,NA
774,2002-02-12,17,NA
775,2002-02-13,18.4,NA
776,2002-02-14,14.9,NA
777,2002-02-15,21.9,NA
778,2002-02-16,15.3,NA
779,2002-02-17,25,NA
780,2002-02-18,15.2,NA
781,2002-02-19,12.5,NA
782,2002-02-20,8.8,NA
783,2002-02-21,15.9,NA
784,2002-02-22,8.2,NA
785,2002-02-23,10,NA
786,2002-02-24,14.2,NA
787,2002-02-25,8.3,NA
788,2002-02-26,NA,NA
789,2002-02-27,9.3,NA
790,2002-02-28,13.2,NA
791,2002-03-01,17.5,NA
792,2002-03-02,16.7,NA
793,2002-03-03,20.2,NA
794,2002-03-04,20.8,NA
795,2002-03-05,22.9,24.9
796,2002-03-06,21.3,25.3
797,2002-03-07,25,26.3
798,2002-03-08,22.2,24.8
799,2002-03-09,9.3,14.4
800,2002-03-10,16.9,20.1
801,2002-03-11,18.4,20.6
802,2002-03-12,26.3,32.5
803,2002-03-13,9,15.4
804,2002-03-14,16.1,20.1
805,2002-03-15,26.5,32.3
806,2002-03-16,17.1,23.7
807,2002-03-17,13.2,14.7
808,2002-03-18,8.3,14.4
809,2002-03-19,16.3,21
810,2002-03-20,13.6,19.6
811,2002-03-21,14.7,20.7
812,2002-03-22,25.8,25.3
813,2002-03-23,11.3,20.2
814,2002-03-24,21.2,24.7
815,2002-03-25,37.3,35
816,2002-03-26,17.9,19.1
817,2002-03-27,21.1,27.7
818,2002-03-28,36.3,40
819,2002-03-29,37,39.3
820,2002-03-30,35.3,40.5
821,2002-03-31,20.1,23.4
822,2002-04-01,26.5,28.7
823,2002-04-02,43.9,NA
824,2002-04-03,49.3,NA
825,2002-04-04,54.2,NA
826,2002-04-05,50.7,58.1
827,2002-04-06,37.7,42
828,2002-04-07,16.2,20.7
829,2002-04-08,22.4,NA
830,2002-04-09,19.3,22.5
831,2002-04-10,36.3,NA
832,2002-04-11,35.7,40.6
833,2002-04-12,33.5,34.2
834,2002-04-13,10,14.3
835,2002-04-14,16,20.5
836,2002-04-15,24.3,25.6
837,2002-04-16,21.6,32.6
838,2002-04-17,18.5,26.8
839,2002-04-18,9.8,16.3
840,2002-04-19,19.6,23.2
841,2002-04-20,24.8,31.9
842,2002-04-21,15.4,23.6
843,2002-04-22,17.1,23
844,2002-04-23,20.1,25.7
845,2002-04-24,17.3,22.9
846,2002-04-25,17.3,21.9
847,2002-04-26,8.9,15.3
848,2002-04-27,8.3,15.3
849,2002-04-28,5.4,10.6
850,2002-04-29,11.5,21.3
851,2002-04-30,12.7,16.2
852,2002-05-01,12.4,17.1
853,2002-05-02,18.1,18.7
854,2002-05-03,18,18.7
855,2002-05-04,9.8,14.1
856,2002-05-05,12.8,14.8
857,2002-05-06,13.5,16.2
858,2002-05-07,17.5,22.4
859,2002-05-08,18.3,22.2
860,2002-05-09,28.2,30.2
861,2002-05-10,58.6,50.1
862,2002-05-11,27.8,28.7
863,2002-05-12,20.4,24.7
864,2002-05-13,11.4,17.8
865,2002-05-14,16.2,19.4
866,2002-05-15,14.3,22.4
867,2002-05-16,31.3,32.9
868,2002-05-17,40.5,45.6
869,2002-05-18,13.6,19.5
870,2002-05-19,18,22
871,2002-05-20,15.8,25.6
872,2002-05-21,13.2,23.8
873,2002-05-22,13.5,24.8
874,2002-05-23,19,24
875,2002-05-24,19.5,26.1
876,2002-05-25,14.3,20
877,2002-05-26,7.2,12.3
878,2002-05-27,11.2,20
879,2002-05-28,14.8,23.6
880,2002-05-29,12.5,21.2
881,2002-05-30,20.1,26
882,2002-05-31,23.2,27.3
883,2002-06-01,22.8,31.3
884,2002-06-02,29.5,30.2
885,2002-06-03,16.4,18.9
886,2002-06-04,12.1,19
887,2002-06-05,16.1,18.1
888,2002-06-06,18.6,30.8
889,2002-06-07,11.4,24.2
890,2002-06-08,14.4,21.7
891,2002-06-09,11.4,16.4
892,2002-06-10,17,21.2
893,2002-06-11,14.2,20.4
894,2002-06-12,9.3,13.2
895,2002-06-13,10.5,15.6
896,2002-06-14,15.5,26.4
897,2002-06-15,14.8,20.2
898,2002-06-16,14.6,19.9
899,2002-06-17,18.6,27.3
900,2002-06-18,15.2,22.8
901,2002-06-19,14.8,19.4
902,2002-06-20,15.9,24.5
903,2002-06-21,14.5,20.4
904,2002-06-22,10.2,12.6
905,2002-06-23,7.8,11.2
906,2002-06-24,13.4,19
907,2002-06-25,17.9,22.7
908,2002-06-26,15.9,24.8
909,2002-06-27,15.2,18.4
910,2002-06-28,18.7,22.9
911,2002-06-29,17.4,20.6
912,2002-06-30,12.7,14.3
913,2002-07-01,8.7,11.8
914,2002-07-02,11.7,16.6
915,2002-07-03,11.5,16.1
916,2002-07-04,15.5,19.3
917,2002-07-05,11.2,23.1
918,2002-07-06,18.5,22.8
919,2002-07-07,10.8,15.1
920,2002-07-08,7.2,13.5
921,2002-07-09,8,15.9
922,2002-07-10,11.5,18.9
923,2002-07-11,14.3,18.7
924,2002-07-12,16.5,28.2
925,2002-07-13,19.5,22.7
926,2002-07-14,19.8,25.3
927,2002-07-15,25.5,31.5
928,2002-07-16,30.8,29.3
929,2002-07-17,21.5,22.2
930,2002-07-18,18.1,25.7
931,2002-07-19,18.4,24.9
932,2002-07-20,19.8,19.3
933,2002-07-21,13.2,16.3
934,2002-07-22,15.9,22.3
935,2002-07-23,11.1,14.6
936,2002-07-24,9.8,16.7
937,2002-07-25,13.9,17.6
938,2002-07-26,15.5,22.2
939,2002-07-27,15,23.9
940,2002-07-28,35.1,25.7
941,2002-07-29,50.5,50.3
942,2002-07-30,49.8,44.9
943,2002-07-31,NA,30.8
944,2002-08-01,NA,27.5
945,2002-08-02,NA,27.1
946,2002-08-03,13.3,20.7
947,2002-08-04,14.8,18.2
948,2002-08-05,20.2,25.4
949,2002-08-06,22.5,29.8
950,2002-08-07,28.8,36.4
951,2002-08-08,17.6,22.5
952,2002-08-09,12.6,17.1
953,2002-08-10,24.6,24.3
954,2002-08-11,15.5,18.2
955,2002-08-12,17.2,20.7
956,2002-08-13,24.8,29.5
957,2002-08-14,23.3,34.6
958,2002-08-15,28.9,41
959,2002-08-16,40.3,36.3
960,2002-08-17,32.3,37.2
961,2002-08-18,21.3,20.9
962,2002-08-19,16.3,20.8
963,2002-08-20,22.9,32.6
964,2002-08-21,21.2,24.9
965,2002-08-22,20.4,28.7
966,2002-08-23,24.5,30.5
967,2002-08-24,17.9,23.9
968,2002-08-25,15.5,NA
969,2002-08-26,11.9,NA
970,2002-08-27,20.4,25.2
971,2002-08-28,29.5,35.6
972,2002-08-29,23.3,28.5
973,2002-08-30,11.2,19.1
974,2002-08-31,11.4,NA
975,2002-09-01,20.3,22.1
976,2002-09-02,23.2,30.4
977,2002-09-03,26.2,33.5
978,2002-09-04,34.2,39
979,2002-09-05,28.3,36.2
980,2002-09-06,15.6,22.6
981,2002-09-07,8.3,NA
982,2002-09-08,13.3,23.2
983,2002-09-09,10.3,17.3
984,2002-09-10,16.6,19.4
985,2002-09-11,28.8,32.5
986,2002-09-12,23.2,33.1
987,2002-09-13,20.6,NA
988,2002-09-14,19.1,22.2
989,2002-09-15,11.9,14.8
990,2002-09-16,16,20.3
991,2002-09-17,15.6,25
992,2002-09-18,13,21.6
993,2002-09-19,17.8,22
994,2002-09-20,18.1,39.5
995,2002-09-21,25.5,31.2
996,2002-09-22,12.5,14.5
997,2002-09-23,16,23.4
998,2002-09-24,16.6,21.7
999,2002-09-25,19.3,25.3
1000,2002-09-26,20.8,28.1
1001,2002-09-27,26.6,38.5
1002,2002-09-28,28.8,36.6
1003,2002-09-29,21.4,24.4
1004,2002-09-30,26.7,33.9
1005,2002-10-01,44.6,NA
1006,2002-10-02,29,NA
1007,2002-10-03,19.8,NA
1008,2002-10-04,23.3,28.6
1009,2002-10-05,13.5,19.2
1010,2002-10-06,16.2,16.9
1011,2002-10-07,29,32.6
1012,2002-10-08,27.6,34
1013,2002-10-09,27,31.5
1014,2002-10-10,25.2,32.1
1015,2002-10-11,32.8,40.9
1016,2002-10-12,23.3,31.3
1017,2002-10-13,11.8,20.6
1018,2002-10-14,16.3,NA
1019,2002-10-15,15.2,18.9
1020,2002-10-16,12.4,18.4
1021,2002-10-17,NA,19.8
1022,2002-10-18,NA,25.6
1023,2002-10-19,18.5,25.1
1024,2002-10-20,22.7,27
1025,2002-10-21,23.4,30.8
1026,2002-10-22,11.2,18.7
1027,2002-10-23,9.8,13.1
1028,2002-10-24,16.1,25.5
1029,2002-10-25,11.6,NA
1030,2002-10-26,18.3,NA
1031,2002-10-27,14.3,NA
1032,2002-10-28,20,NA
1033,2002-10-29,24.3,NA
1034,2002-10-30,17.4,NA
1035,2002-10-31,28,NA
1036,2002-11-01,22.6,NA
1037,2002-11-02,16.9,NA
1038,2002-11-03,21.6,NA
1039,2002-11-04,33.8,NA
1040,2002-11-05,28.6,NA
1041,2002-11-06,11.6,NA
1042,2002-11-07,12.9,NA
1043,2002-11-08,8.9,NA
1044,2002-11-09,25.5,NA
1045,2002-11-10,8.8,NA
1046,2002-11-11,18.1,NA
1047,2002-11-12,12.2,NA
1048,2002-11-13,10.2,NA
1049,2002-11-14,12.4,NA
1050,2002-11-15,20.2,NA
1051,2002-11-16,24.8,NA
1052,2002-11-17,22.3,NA
1053,2002-11-18,29,NA
1054,2002-11-19,21.8,NA
1055,2002-11-20,19.9,NA
1056,2002-11-21,16,NA
1057,2002-11-22,13.4,NA
1058,2002-11-23,15.2,NA
1059,2002-11-24,13,NA
1060,2002-11-25,23.8,NA
1061,2002-11-26,19.2,NA
1062,2002-11-27,17.7,NA
1063,2002-11-28,19.7,NA
1064,2002-11-29,21.8,NA
1065,2002-11-30,17.5,NA
1066,2002-12-01,9.2,NA
1067,2002-12-02,13.5,NA
1068,2002-12-03,23.3,NA
1069,2002-12-04,14.6,NA
1070,2002-12-05,17.5,NA
1071,2002-12-06,20.8,NA
1072,2002-12-07,16.1,NA
1073,2002-12-08,27.2,NA
1074,2002-12-09,25.8,NA
1075,2002-12-10,27.4,NA
1076,2002-12-11,35.3,NA
1077,2002-12-12,47.4,NA
1078,2002-12-13,34.8,NA
1079,2002-12-14,25,NA
1080,2002-12-15,17.9,NA
1081,2002-12-16,17.8,NA
1082,2002-12-17,22.4,NA
1083,2002-12-18,13.7,NA
1084,2002-12-19,19.7,NA
1085,2002-12-20,30,NA
1086,2002-12-21,22,NA
1087,2002-12-22,4.3,NA
1088,2002-12-23,10.1,NA
1089,2002-12-24,18,NA
1090,2002-12-25,10.7,NA
1091,2002-12-26,10,NA
1092,2002-12-27,15,NA
1093,2002-12-28,8.1,NA
1094,2002-12-29,4.9,NA
1095,2002-12-30,6,NA
1096,2002-12-31,11.3,NA
1097,2003-01-01,8.1,NA
1098,2003-01-02,7,NA
1099,2003-01-03,12,NA
1100,2003-01-04,15.3,NA
1101,2003-01-05,15.7,NA
1102,2003-01-06,13.7,NA
1103,2003-01-07,13.1,NA
1104,2003-01-08,11.3,16.2
1105,2003-01-09,12.2,16.7
1106,2003-01-10,12.6,15.8
1107,2003-01-11,20.9,31.8
1108,2003-01-12,20.6,30
1109,2003-01-13,NA,14.6
1110,2003-01-14,NA,19.4
1111,2003-01-15,NA,24.9
1112,2003-01-16,21,25.3
1113,2003-01-17,13.7,19.7
1114,2003-01-18,18.1,26.2
1115,2003-01-19,7.1,10.2
1116,2003-01-20,12.5,16.5
1117,2003-01-21,13.4,21.1
1118,2003-01-22,11.4,13.1
1119,2003-01-23,21.9,27.3
1120,2003-01-24,23.9,34.8
1121,2003-01-25,13.9,17.6
1122,2003-01-26,14.1,16.5
1123,2003-01-27,7.3,13.5
1124,2003-01-28,10.2,15.2
1125,2003-01-29,11.1,13.4
1126,2003-01-30,10.6,13.9
1127,2003-01-31,19.2,24.1
1128,2003-02-01,11.1,16.9
1129,2003-02-02,8.3,12.4
1130,2003-02-03,11.6,18.2
1131,2003-02-04,13,16.6
1132,2003-02-05,18.9,23.3
1133,2003-02-06,21.3,35.9
1134,2003-02-07,12.9,21.3
1135,2003-02-08,11.5,19.9
1136,2003-02-09,10,13.3
1137,2003-02-10,12.7,33.2
1138,2003-02-11,12.3,23.5
1139,2003-02-12,18,24.8
1140,2003-02-13,31.3,36.7
1141,2003-02-14,33.9,39.4
1142,2003-02-15,19.5,23.7
1143,2003-02-16,26.7,30.7
1144,2003-02-17,19.3,26.4
1145,2003-02-18,27.9,35.3
1146,2003-02-19,42.5,NA
1147,2003-02-20,42.3,NA
1148,2003-02-21,54.2,NA
1149,2003-02-22,57.3,64.8
1150,2003-02-23,28.1,31.2
1151,2003-02-24,35.2,39.8
1152,2003-02-25,46.7,43.8
1153,2003-02-26,48.6,47.2
1154,2003-02-27,28.7,37.4
1155,2003-02-28,8.9,20
1156,2003-03-01,10.9,20.4
1157,2003-03-02,14.1,20.2
1158,2003-03-03,18,28.8
1159,2003-03-04,13.8,22.7
1160,2003-03-05,24.1,30.6
1161,2003-03-06,15.7,21
1162,2003-03-07,13.8,21.3
1163,2003-03-08,20.4,27.4
1164,2003-03-09,23.3,26.7
1165,2003-03-10,26.2,30.5
1166,2003-03-11,14.2,19.3
1167,2003-03-12,19.9,21.9
1168,2003-03-13,20.4,25.1
1169,2003-03-14,20.4,23.4
1170,2003-03-15,25.8,29
1171,2003-03-16,38,33.8
1172,2003-03-17,42.9,42.9
1173,2003-03-18,29.9,32.5
1174,2003-03-19,40.3,51.3
1175,2003-03-20,42.5,43.6
1176,2003-03-21,36.8,39.6
1177,2003-03-22,34.9,41
1178,2003-03-23,51.8,43
1179,2003-03-24,40.9,44.3
1180,2003-03-25,51.7,51.4
1181,2003-03-26,60.4,62.7
1182,2003-03-27,32.9,38.1
1183,2003-03-28,50.7,58
1184,2003-03-29,59.6,59.2
1185,2003-03-30,24.5,28.6
1186,2003-03-31,22.2,34.6
1187,2003-04-01,12.8,20.2
1188,2003-04-02,15.9,21.1
1189,2003-04-03,18.9,27.8
1190,2003-04-04,25,25.9
1191,2003-04-05,10.7,16.1
1192,2003-04-06,10.3,12.8
1193,2003-04-07,19.6,28
1194,2003-04-08,19.5,24.7
1195,2003-04-09,15.7,23.2
1196,2003-04-10,14.6,22.9
1197,2003-04-11,15.3,33.3
1198,2003-04-12,30.1,35.6
1199,2003-04-13,29.7,29.6
1200,2003-04-14,45.4,48.6
1201,2003-04-15,57.3,61
1202,2003-04-16,54.7,58.6
1203,2003-04-17,48.9,51.4
1204,2003-04-18,28.5,36.9
1205,2003-04-19,19.9,26.1
1206,2003-04-20,58.9,57.8
1207,2003-04-21,25,31.7
1208,2003-04-22,33.6,39.1
1209,2003-04-23,36.7,43.5
1210,2003-04-24,43.2,NA
1211,2003-04-25,21.4,NA
1212,2003-04-26,12.4,NA
1213,2003-04-27,21.5,NA
1214,2003-04-28,10.3,NA
1215,2003-04-29,13.8,NA
1216,2003-04-30,14.4,NA
1217,2003-05-01,13.1,21.9
1218,2003-05-02,10.1,NA
1219,2003-05-03,12.1,NA
1220,2003-05-04,14.2,NA
1221,2003-05-05,12.8,NA
1222,2003-05-06,15.7,NA
1223,2003-05-07,13.2,NA
1224,2003-05-08,20.4,NA
1225,2003-05-09,19.2,NA
1226,2003-05-10,10.4,19.2
1227,2003-05-11,9.1,14.9
1228,2003-05-12,8.7,16.4
1229,2003-05-13,9,22.5
1230,2003-05-14,12.6,23.7
1231,2003-05-15,16,27.7
1232,2003-05-16,14.4,24.7
1233,2003-05-17,14.7,24.9
1234,2003-05-18,18.3,27.8
1235,2003-05-19,14.5,28.4
1236,2003-05-20,16.2,27
1237,2003-05-21,16.8,25.2
1238,2003-05-22,16.5,23
1239,2003-05-23,13.2,24.4
1240,2003-05-24,11.5,20.6
1241,2003-05-25,9.5,14.1
1242,2003-05-26,11.2,18.6
1243,2003-05-27,16.3,25.2
1244,2003-05-28,33.8,35.3
1245,2003-05-29,34.1,41.8
1246,2003-05-30,39.4,40.7
1247,2003-05-31,40.6,46.4
1248,2003-06-01,19.9,27.9
1249,2003-06-02,12.2,24.6
1250,2003-06-03,17.4,NA
1251,2003-06-04,19.7,NA
1252,2003-06-05,11.8,NA
1253,2003-06-06,11.4,NA
1254,2003-06-07,12.4,NA
1255,2003-06-08,15.2,NA
1256,2003-06-09,13.9,NA
1257,2003-06-10,23.8,NA
1258,2003-06-11,19.7,NA
1259,2003-06-12,15.9,NA
1260,2003-06-13,18.9,NA
1261,2003-06-14,23.2,NA
1262,2003-06-15,26.4,NA
1263,2003-06-16,33,NA
1264,2003-06-17,32.2,NA
1265,2003-06-18,18.4,NA
1266,2003-06-19,9.2,NA
1267,2003-06-20,16.4,NA
1268,2003-06-21,25.5,NA
1269,2003-06-22,27.2,NA
1270,2003-06-23,12.5,NA
1271,2003-06-24,17.7,22.4
1272,2003-06-25,19.4,26.9
1273,2003-06-26,25.8,39.3
1274,2003-06-27,25.1,33.2
1275,2003-06-28,14,21.6
1276,2003-06-29,29.1,31.1
1277,2003-06-30,17.4,25.5
1278,2003-07-01,13.4,18.7
1279,2003-07-02,16.3,24
1280,2003-07-03,18.3,20.4
1281,2003-07-04,14.8,NA
1282,2003-07-05,25.6,NA
1283,2003-07-06,22.5,NA
1284,2003-07-07,NA,NA
1285,2003-07-08,NA,NA
1286,2003-07-09,NA,NA
1287,2003-07-10,20.3,NA
1288,2003-07-11,16.7,NA
1289,2003-07-12,22.4,NA
1290,2003-07-13,29.3,NA
1291,2003-07-14,27.3,NA
1292,2003-07-15,39.8,42.8
1293,2003-07-16,25.6,40.6
1294,2003-07-17,9.9,15.9
1295,2003-07-18,13,22.3
1296,2003-07-19,15.4,28.7
1297,2003-07-20,13.3,20
1298,2003-07-21,13.2,26.3
1299,2003-07-22,13,NA
1300,2003-07-23,11.4,NA
1301,2003-07-24,10.7,17.4
1302,2003-07-25,8.6,18.5
1303,2003-07-26,10.5,19.3
1304,2003-07-27,10.1,15.8
1305,2003-07-28,13.6,28.9
1306,2003-07-29,10.1,20.7
1307,2003-07-30,12.4,18
1308,2003-07-31,13.8,22.8
1309,2003-08-01,17,31.7
1310,2003-08-02,14.5,21.9
1311,2003-08-03,24.7,30.9
1312,2003-08-04,32.1,46.7
1313,2003-08-05,30.1,38.6
1314,2003-08-06,45.8,57.2
1315,2003-08-07,41.9,54.1
1316,2003-08-08,52,65.1
1317,2003-08-09,45.6,55.6
1318,2003-08-10,47.1,62.4
1319,2003-08-11,46.5,61.1
1320,2003-08-12,40.3,NA
1321,2003-08-13,26.9,NA
1322,2003-08-14,11.8,NA
1323,2003-08-15,13.7,NA
1324,2003-08-16,11.5,NA
1325,2003-08-17,18.6,NA
1326,2003-08-18,20.3,NA
1327,2003-08-19,10.8,NA
1328,2003-08-20,17.2,NA
1329,2003-08-21,11.6,NA
1330,2003-08-22,9.6,NA
1331,2003-08-23,12.3,NA
1332,2003-08-24,10.8,NA
1333,2003-08-25,7.6,NA
1334,2003-08-26,15.3,NA
1335,2003-08-27,14.2,NA
1336,2003-08-28,12.8,NA
1337,2003-08-29,12.8,NA
1338,2003-08-30,14.3,NA
1339,2003-08-31,15.1,NA
1340,2003-09-01,14.7,NA
1341,2003-09-02,24.7,NA
1342,2003-09-03,30.8,NA
1343,2003-09-04,33.5,NA
1344,2003-09-05,33.8,NA
1345,2003-09-06,19,NA
1346,2003-09-07,13.8,NA
1347,2003-09-08,19.3,NA
1348,2003-09-09,14.4,NA
1349,2003-09-10,8.7,NA
1350,2003-09-11,16.1,NA
1351,2003-09-12,NA,NA
1352,2003-09-13,NA,NA
1353,2003-09-14,NA,NA
1354,2003-09-15,NA,NA
1355,2003-09-16,NA,NA
1356,2003-09-17,29.9,48.2
1357,2003-09-18,33.8,43.4
1358,2003-09-19,34.4,43.3
1359,2003-09-20,38.9,46.9
1360,2003-09-21,27,32.5
1361,2003-09-22,16,23.9
1362,2003-09-23,11.7,20.4
1363,2003-09-24,18.2,30.2
1364,2003-09-25,23.8,35.6
1365,2003-09-26,22.1,33.4
1366,2003-09-27,12.9,19.2
1367,2003-09-28,13.5,18.5
1368,2003-09-29,14.2,27.3
1369,2003-09-30,25.1,29.2
1370,2003-10-01,19.8,26.7
1371,2003-10-02,23.6,30.2
1372,2003-10-03,22,28.6
1373,2003-10-04,11,14.5
1374,2003-10-05,8.7,11.2
1375,2003-10-06,12.9,19.9
1376,2003-10-07,16,20
1377,2003-10-08,15,20.6
1378,2003-10-09,12.8,20
1379,2003-10-10,12,17.9
1380,2003-10-11,23.4,32.5
1381,2003-10-12,21.9,25.5
1382,2003-10-13,26.2,31.2
1383,2003-10-14,25,32.1
1384,2003-10-15,21.8,27.8
1385,2003-10-16,20.1,26.4
1386,2003-10-17,20.8,26.8
1387,2003-10-18,21.4,27.6
1388,2003-10-19,13.6,16.9
1389,2003-10-20,17.6,17.8
1390,2003-10-21,20.5,27.3
1391,2003-10-22,16.1,21.7
1392,2003-10-23,14.5,18.4
1393,2003-10-24,13.7,23.1
1394,2003-10-25,12.1,18.8
1395,2003-10-26,9.5,16.3
1396,2003-10-27,25.1,35.2
1397,2003-10-28,20.3,31
1398,2003-10-29,14.2,20
1399,2003-10-30,7,17.1
1400,2003-10-31,21.5,19.4
1401,2003-11-01,22.5,21.5
1402,2003-11-02,12,16.7
1403,2003-11-03,14.8,22.1
1404,2003-11-04,21.7,36.3
1405,2003-11-05,26,36.6
1406,2003-11-06,49.6,49.9
1407,2003-11-07,NA,39
1408,2003-11-08,NA,35
1409,2003-11-09,27.7,31.6
1410,2003-11-10,26.2,34.7
1411,2003-11-11,29.5,35.2
1412,2003-11-12,12.3,20.6
1413,2003-11-13,17.2,32
1414,2003-11-14,16,25.2
1415,2003-11-15,18.1,24.1
1416,2003-11-16,10.6,19.4
1417,2003-11-17,8.1,16.3
1418,2003-11-18,4.3,10.7
1419,2003-11-19,10.7,19
1420,2003-11-20,13.5,22.8
1421,2003-11-21,12,18.7
1422,2003-11-22,7.7,9.9
1423,2003-11-23,5.9,7.8
1424,2003-11-24,16.6,24.5
1425,2003-11-25,11.8,19.2
1426,2003-11-26,9.3,17.4
1427,2003-11-27,30.4,47.7
1428,2003-11-28,17.7,35.5
1429,2003-11-29,11.2,16.2
1430,2003-11-30,13.6,18.7
1431,2003-12-01,13.1,17.2
1432,2003-12-02,24.3,27.9
1433,2003-12-03,23.4,29.7
1434,2003-12-04,18.6,22
1435,2003-12-05,20.8,31.4
1436,2003-12-06,24.6,32
1437,2003-12-07,12.8,18.5
1438,2003-12-08,20.5,29.5
1439,2003-12-09,36,43.3
1440,2003-12-10,26.3,32.7
1441,2003-12-11,13.2,19.4
1442,2003-12-12,13.2,19.6
1443,2003-12-13,3,6.5
1444,2003-12-14,12.1,14.7
1445,2003-12-15,13.6,20.2
1446,2003-12-16,26.9,40.9
1447,2003-12-17,29.8,43.6
1448,2003-12-18,32.7,44.2
1449,2003-12-19,34.1,50.2
1450,2003-12-20,10.4,15.5
1451,2003-12-21,7.4,10.5
1452,2003-12-22,11.8,16.3
1453,2003-12-23,10.7,15.6
1454,2003-12-24,7.2,12.1
1455,2003-12-25,3.5,6.4
1456,2003-12-26,6.7,9
1457,2003-12-27,5,11.3
1458,2003-12-28,10.1,12.5
1459,2003-12-29,9.8,14.5
1460,2003-12-30,20.1,22
1461,2003-12-31,16.1,25.8
1462,2004-01-01,7.2,9.5
1463,2004-01-02,16.5,19.9
1464,2004-01-03,21,28.9
1465,2004-01-04,19.8,21.6
1466,2004-01-05,12.2,17.8
1467,2004-01-06,12,18.4
1468,2004-01-07,13.4,20.7
1469,2004-01-08,12.2,14.3
1470,2004-01-09,14.1,17.1
1471,2004-01-10,18.8,24.7
1472,2004-01-11,5.9,7.8
1473,2004-01-12,14.4,18.4
1474,2004-01-13,14.1,16.7
1475,2004-01-14,9.8,12.9
1476,2004-01-15,10.9,17.2
1477,2004-01-16,10,14.5
1478,2004-01-17,11.2,15.5
1479,2004-01-18,16.5,17.9
1480,2004-01-19,8.6,11.1
1481,2004-01-20,9.8,11.2
1482,2004-01-21,13.2,15.7
1483,2004-01-22,10.5,28.3
1484,2004-01-23,9.9,23.1
1485,2004-01-24,16.4,18.8
1486,2004-01-25,17.4,23.9
1487,2004-01-26,NA,29.1
1488,2004-01-27,NA,18.6
1489,2004-01-28,11.2,13.5
1490,2004-01-29,15.6,19.5
1491,2004-01-30,16.6,26.5
1492,2004-01-31,15.3,15.9
1493,2004-02-01,20.3,20.8
1494,2004-02-02,20.9,37.3
1495,2004-02-03,18.4,17.4
1496,2004-02-04,29.1,38.7
1497,2004-02-05,14,19.1
1498,2004-02-06,13.9,15.8
1499,2004-02-07,10.3,12.3
1500,2004-02-08,12.2,12.4
1501,2004-02-09,24.1,25.1
1502,2004-02-10,23.7,26.4
1503,2004-02-11,17.7,20.4
1504,2004-02-12,20.9,27
1505,2004-02-13,24.3,28.1
1506,2004-02-14,20.2,23.2
1507,2004-02-15,10.4,14.3
1508,2004-02-16,21,27.7
1509,2004-02-17,23.8,28.3
1510,2004-02-18,12.5,15.7
1511,2004-02-19,12,17.4
1512,2004-02-20,21.5,26.1
1513,2004-02-21,23.4,27.2
1514,2004-02-22,13.9,14.9
1515,2004-02-23,15.5,17.5
1516,2004-02-24,14.2,18.2
1517,2004-02-25,9.4,16.5
1518,2004-02-26,16.7,26.9
1519,2004-02-27,17,20.2
1520,2004-02-28,14.1,20.1
1521,2004-02-29,14.7,38.7
1522,2004-03-01,28.1,36.5
1523,2004-03-02,31.9,41.9
1524,2004-03-03,23.8,37.6
1525,2004-03-04,22,35.3
1526,2004-03-05,23.2,30.7
1527,2004-03-06,19.4,25.8
1528,2004-03-07,10.7,14.2
1529,2004-03-08,12.7,17.1
1530,2004-03-09,11.8,17.2
1531,2004-03-10,21,25.6
1532,2004-03-11,25.1,36.2
1533,2004-03-12,21.5,29.3
1534,2004-03-13,11.5,16.3
1535,2004-03-14,15.7,16.7
1536,2004-03-15,21.4,25.1
1537,2004-03-16,11.5,18.7
1538,2004-03-17,20,26.4
1539,2004-03-18,15.4,20.4
1540,2004-03-19,14.1,16.8
1541,2004-03-20,12.3,14.7
1542,2004-03-21,14.1,16.5
1543,2004-03-22,12.3,14.7
1544,2004-03-23,NA,15
1545,2004-03-24,NA,14.4
1546,2004-03-25,NA,20.5
1547,2004-03-26,NA,15.8
1548,2004-03-27,NA,26.6
1549,2004-03-28,NA,24.7
1550,2004-03-29,NA,31.2
1551,2004-03-30,NA,30
1552,2004-03-31,NA,38.7
1553,2004-04-01,19.8,24.3
1554,2004-04-02,10.6,21.3
1555,2004-04-03,15.9,19.7
1556,2004-04-04,9.7,10.9
1557,2004-04-05,12.2,15.7
1558,2004-04-06,12.4,12.7
1559,2004-04-07,14.1,14.4
1560,2004-04-08,12.6,14.9
1561,2004-04-09,15.1,19.3
1562,2004-04-10,16.1,17.2
1563,2004-04-11,18,23.9
1564,2004-04-12,24.7,22.8
1565,2004-04-13,20.6,22.8
1566,2004-04-14,17.2,24.7
1567,2004-04-15,22.8,29.1
1568,2004-04-16,26.2,30.1
1569,2004-04-17,17.4,20
1570,2004-04-18,4.3,12.8
1571,2004-04-19,12,18.2
1572,2004-04-20,16.4,20.8
1573,2004-04-21,16.1,21.7
1574,2004-04-22,18.6,21.8
1575,2004-04-23,25.2,27.8
1576,2004-04-24,25.8,29
1577,2004-04-25,35.9,34.7
1578,2004-04-26,40.8,39.6
1579,2004-04-27,37.1,32.1
1580,2004-04-28,22.6,21.4
1581,2004-04-29,10.3,12.6
1582,2004-04-30,27.9,30.5
1583,2004-05-01,32.9,45.4
1584,2004-05-02,15.1,16.7
1585,2004-05-03,16.6,17.8
1586,2004-05-04,7.5,12.7
1587,2004-05-05,11.3,16.2
1588,2004-05-06,15.9,16
1589,2004-05-07,16.7,17.1
1590,2004-05-08,17.7,15.1
1591,2004-05-09,22.1,21
1592,2004-05-10,29.9,31.7
1593,2004-05-11,25.1,28.2
1594,2004-05-12,19.9,21.7
1595,2004-05-13,19.6,21
1596,2004-05-14,27.7,24.2
1597,2004-05-15,24.8,24.9
1598,2004-05-16,27.5,29.4
1599,2004-05-17,29.7,31.1
1600,2004-05-18,32.4,30.7
1601,2004-05-19,24,26.6
1602,2004-05-20,23.5,24.3
1603,2004-05-21,10.6,18.1
1604,2004-05-22,12.2,17.9
1605,2004-05-23,18.9,19.9
1606,2004-05-24,21.8,22.4
1607,2004-05-25,22.2,25.6
1608,2004-05-26,17,29.5
1609,2004-05-27,16.1,25.7
1610,2004-05-28,19.3,29.7
1611,2004-05-29,24.7,29.7
1612,2004-05-30,14.6,18.6
1613,2004-05-31,12.7,17.5
1614,2004-06-01,12.5,18.4
1615,2004-06-02,15.4,23.7
1616,2004-06-03,21.6,24.3
1617,2004-06-04,12.4,14
1618,2004-06-05,13.9,18.8
1619,2004-06-06,18.3,22.1
1620,2004-06-07,21.2,29.9
1621,2004-06-08,30.2,44.3
1622,2004-06-09,23.6,26.3
1623,2004-06-10,15.5,23.7
1624,2004-06-11,15.6,21.7
1625,2004-06-12,15.1,19.1
1626,2004-06-13,15.9,17
1627,2004-06-14,19.8,19.8
1628,2004-06-15,16.8,19.3
1629,2004-06-16,NA,16.6
1630,2004-06-17,NA,18
1631,2004-06-18,NA,17.5
1632,2004-06-19,NA,14.3
1633,2004-06-20,NA,14.1
1634,2004-06-21,NA,20.7
1635,2004-06-22,NA,22.8
1636,2004-06-23,NA,19.8
1637,2004-06-24,NA,18.6
1638,2004-06-25,NA,18.5
1639,2004-06-26,NA,26.7
1640,2004-06-27,NA,16.4
1641,2004-06-28,NA,19.8
1642,2004-06-29,NA,20.8
1643,2004-06-30,NA,20.6
1644,2004-07-01,16.6,17.1
1645,2004-07-02,11.3,15.1
1646,2004-07-03,12.4,15
1647,2004-07-04,12.5,14.9
1648,2004-07-05,14.9,17.7
1649,2004-07-06,22.7,27.9
1650,2004-07-07,24.1,28.6
1651,2004-07-08,14.6,23.6
1652,2004-07-09,14.6,17.8
1653,2004-07-10,10.2,15.7
1654,2004-07-11,10.9,14.8
1655,2004-07-12,15.6,18.2
1656,2004-07-13,15.6,19.1
1657,2004-07-14,14.2,17.5
1658,2004-07-15,11.1,15.1
1659,2004-07-16,13,19.1
1660,2004-07-17,15.4,18.6
1661,2004-07-18,13.4,15.6
1662,2004-07-19,11.2,21.4
1663,2004-07-20,30.2,31.7
1664,2004-07-21,15.3,23.2
1665,2004-07-22,21.1,30.8
1666,2004-07-23,16.9,21.8
1667,2004-07-24,16,19
1668,2004-07-25,13.5,14.6
1669,2004-07-26,12.7,15.1
1670,2004-07-27,20.8,17.8
1671,2004-07-28,29,36.7
1672,2004-07-29,33.4,42.6
1673,2004-07-30,19,24.5
1674,2004-07-31,25.5,29.8
1675,2004-08-01,29.2,35.8
1676,2004-08-02,38.3,48.1
1677,2004-08-03,35.1,47.1
1678,2004-08-04,NA,32.3
1679,2004-08-05,NA,44.5
1680,2004-08-06,NA,23.8
1681,2004-08-07,23.3,21.8
1682,2004-08-08,33.5,38.5
1683,2004-08-09,31.3,31.3
1684,2004-08-10,16.9,20.7
1685,2004-08-11,16.7,26.1
1686,2004-08-12,15.6,23.8
1687,2004-08-13,17.7,21.9
1688,2004-08-14,27.6,31.3
1689,2004-08-15,11.4,15.3
1690,2004-08-16,12.5,17.3
1691,2004-08-17,15.1,21.8
1692,2004-08-18,14.4,22.1
1693,2004-08-19,15.5,19.2
1694,2004-08-20,15.2,18.3
1695,2004-08-21,17.1,18.8
1696,2004-08-22,17,21.7
1697,2004-08-23,16,19.6
1698,2004-08-24,12.2,17.1
1699,2004-08-25,12,16.4
1700,2004-08-26,12.8,14.8
1701,2004-08-27,11.5,15.6
1702,2004-08-28,13.6,20.2
1703,2004-08-29,12.6,13.9
1704,2004-08-30,13.7,16.6
1705,2004-08-31,21.8,25.9
1706,2004-09-01,23,32.2
1707,2004-09-02,31.1,40.6
1708,2004-09-03,36.3,40.7
1709,2004-09-04,21.6,NA
1710,2004-09-05,35.9,NA
1711,2004-09-06,27.6,NA
1712,2004-09-07,25.8,NA
1713,2004-09-08,24.9,29.1
1714,2004-09-09,32,41.3
1715,2004-09-10,30.7,36.8
1716,2004-09-11,12,16.3
1717,2004-09-12,14.1,15.6
1718,2004-09-13,14.5,18.2
1719,2004-09-14,16.3,20.3
1720,2004-09-15,18.5,20.8
1721,2004-09-16,18.2,23.1
1722,2004-09-17,17.2,21.9
1723,2004-09-18,11.9,15.1
1724,2004-09-19,13.1,14.9
1725,2004-09-20,15,18
1726,2004-09-21,20.6,24.1
1727,2004-09-22,17.7,20.9
1728,2004-09-23,10.1,14.1
1729,2004-09-24,13.6,18.7
1730,2004-09-25,18.5,20.1
1731,2004-09-26,10.9,14.1
1732,2004-09-27,14.9,18.7
1733,2004-09-28,16,20.8
1734,2004-09-29,16.6,21.9
1735,2004-09-30,16.8,22.6
1736,2004-10-01,15.4,24.7
1737,2004-10-02,18.1,NA
1738,2004-10-03,13.9,NA
1739,2004-10-04,12.5,18.3
1740,2004-10-05,17.3,21.2
1741,2004-10-06,13.8,16.9
1742,2004-10-07,16.1,22.8
1743,2004-10-08,16.8,23.7
1744,2004-10-09,13.6,17.1
1745,2004-10-10,19.6,20.9
1746,2004-10-11,24.1,26.4
1747,2004-10-12,17.8,20.9
1748,2004-10-13,15.5,27.2
1749,2004-10-14,11,15
1750,2004-10-15,12.8,15.6
1751,2004-10-16,13.4,18.1
1752,2004-10-17,13,13.5
1753,2004-10-18,16.9,22.5
1754,2004-10-19,23.8,31.3
1755,2004-10-20,13.9,19.4
1756,2004-10-21,16.7,22.2
1757,2004-10-22,18.8,24.8
1758,2004-10-23,11.8,15.7
1759,2004-10-24,14.4,18.4
1760,2004-10-25,15.1,NA
1761,2004-10-26,20.4,NA
1762,2004-10-27,16.3,16.1
1763,2004-10-28,17.4,25.2
1764,2004-10-29,19.2,29.2
1765,2004-10-30,38.5,38
1766,2004-10-31,12.5,15
1767,2004-11-01,24.6,19.1
1768,2004-11-02,20.4,23.9
1769,2004-11-03,23.3,29.9
1770,2004-11-04,20,21.5
1771,2004-11-05,61.2,38
1772,2004-11-06,50.1,42.4
1773,2004-11-07,22,NA
1774,2004-11-08,9.7,NA
1775,2004-11-09,15.7,21.5
1776,2004-11-10,15.2,16.5
1777,2004-11-11,25.6,26.6
1778,2004-11-12,14.3,19.8
1779,2004-11-13,15,19.7
1780,2004-11-14,23.3,27.6
1781,2004-11-15,16.6,20.1
1782,2004-11-16,14.5,19.1
1783,2004-11-17,13.3,17.4
1784,2004-11-18,8.6,13.1
1785,2004-11-19,18.8,20.3
1786,2004-11-20,18,24.3
1787,2004-11-21,13.8,17.6
1788,2004-11-22,14.6,18
1789,2004-11-23,26.5,30.8
1790,2004-11-24,22.9,37.3
1791,2004-11-25,23.4,34.4
1792,2004-11-26,14.4,22.1
1793,2004-11-27,16.3,26
1794,2004-11-28,7.9,8.4
1795,2004-11-29,20.8,29.2
1796,2004-11-30,32.3,49.7
1797,2004-12-01,22.8,27.2
1798,2004-12-02,27.9,36.9
1799,2004-12-03,21.8,34.5
1800,2004-12-04,19.7,29.5
1801,2004-12-05,14.8,18.4
1802,2004-12-06,14.2,22.4
1803,2004-12-07,26.9,40
1804,2004-12-08,31.3,39.8
1805,2004-12-09,27.9,33.6
1806,2004-12-10,32.6,38.4
1807,2004-12-11,29.2,46
1808,2004-12-12,39.6,41.4
1809,2004-12-13,34.9,46.9
1810,2004-12-14,19.9,28.2
1811,2004-12-15,24.7,34.6
1812,2004-12-16,14,18.9
1813,2004-12-17,12.5,15.1
1814,2004-12-18,14.4,19.6
1815,2004-12-19,13,18.2
1816,2004-12-20,20,33.6
1817,2004-12-21,18.3,23
1818,2004-12-22,8.4,12
1819,2004-12-23,17.2,23
1820,2004-12-24,14.3,18.2
1821,2004-12-25,13.3,15.3
1822,2004-12-26,14.4,16.9
1823,2004-12-27,13.5,19.3
1824,2004-12-28,12.2,12.7
1825,2004-12-29,17.6,21.1
1826,2004-12-30,13.6,17.7
1827,2004-12-31,15.9,14.8